Start Hour,Impressions,Impressions (Comparison)
12 AM,"88,453","41,313"
1 AM,"60,642","29,802"
2 AM,"51,719","25,181"
3 AM,"63,498","31,025"
4 AM,"93,548","46,633"
5 AM,"135,395","69,066"
6 AM,"145,899","90,722"
7 AM,"174,513","111,409"
8 AM,"182,639","126,861"
9 AM,"194,421","137,097"
10 AM,"196,951","142,338"
11 AM,"204,222","138,526"
12 PM,"242,090","137,680"
1 PM,"232,351","137,176"
2 PM,"226,818","134,607"
3 PM,"240,812","140,377"
4 PM,"257,915","147,220"
5 PM,"277,670","153,565"
6 PM,"285,078","149,581"
7 PM,"281,518","139,051"
8 PM,"265,045","118,528"
9 PM,"202,341","88,764"
10 PM,"133,670","46,098"
11 PM,"52,387","8,046"
