Day,Start Hour,Impressions,Impressions (Comparison)
Sunday,12 AM,"11,640","6,513"
Sunday,1 AM,"8,400","5,003"
Sunday,2 AM,"6,276","3,456"
Sunday,3 AM,"6,574","3,756"
Sunday,4 AM,"10,479","5,845"
Sunday,5 AM,"16,437","9,793"
Sunday,6 AM,"18,416","13,570"
Sunday,7 AM,"23,304","17,206"
Sunday,8 AM,"26,536","18,726"
Sunday,9 AM,"28,551","20,177"
Sunday,10 AM,"29,741","21,550"
Sunday,11 AM,"32,093","21,198"
Sunday,12 PM,"41,529","20,321"
Sunday,1 PM,"41,543","20,682"
Sunday,2 PM,"38,469","21,007"
Sunday,3 PM,"37,570","21,389"
Sunday,4 PM,"41,040","22,537"
Sunday,5 PM,"42,488","23,367"
Sunday,6 PM,"36,959","22,391"
Sunday,7 PM,"34,866","20,719"
Sunday,8 PM,"31,878","17,854"
Sunday,9 PM,"22,078","13,136"
Sunday,10 PM,"16,764","7,952"
Sunday,11 PM,"7,011","1,632"
Monday,12 AM,"12,415","5,249"
Monday,1 AM,"8,451","3,888"
Monday,2 AM,"7,238","3,578"
Monday,3 AM,"8,795","4,342"
Monday,4 AM,"13,174","6,317"
Monday,5 AM,"19,463","9,414"
Monday,6 AM,"19,847","12,518"
Monday,7 AM,"23,695","14,503"
Monday,8 AM,"24,199","17,338"
Monday,9 AM,"26,628","19,235"
Monday,10 AM,"28,916","20,776"
Monday,11 AM,"28,435","19,307"
Monday,12 PM,"34,424","18,801"
Monday,1 PM,"33,678","18,634"
Monday,2 PM,"32,944","20,082"
Monday,3 PM,"35,369","21,248"
Monday,4 PM,"38,593","21,933"
Monday,5 PM,"42,945","22,097"
Monday,6 PM,"47,937","21,426"
Monday,7 PM,"44,069","18,973"
Monday,8 PM,"38,653","16,069"
Monday,9 PM,"28,766","11,014"
Monday,10 PM,"16,714","5,224"
Monday,11 PM,"5,917",936
Tuesday,12 AM,"11,848","5,790"
Tuesday,1 AM,"8,552","4,058"
Tuesday,2 AM,"7,144","3,713"
Tuesday,3 AM,"9,001","4,728"
Tuesday,4 AM,"12,857","6,900"
Tuesday,5 AM,"16,819","9,723"
Tuesday,6 AM,"19,388","12,292"
Tuesday,7 AM,"20,909","15,284"
Tuesday,8 AM,"22,048","17,636"
Tuesday,9 AM,"23,659","19,819"
Tuesday,10 AM,"23,077","20,496"
Tuesday,11 AM,"23,513","20,422"
Tuesday,12 PM,"29,102","20,222"
Tuesday,1 PM,"27,902","20,681"
Tuesday,2 PM,"28,785","19,875"
Tuesday,3 PM,"31,613","19,695"
Tuesday,4 PM,"32,158","20,316"
Tuesday,5 PM,"36,028","21,408"
Tuesday,6 PM,"36,642","20,938"
Tuesday,7 PM,"36,168","19,947"
Tuesday,8 PM,"35,250","17,407"
Tuesday,9 PM,"27,966","12,986"
Tuesday,10 PM,"18,325","7,082"
Tuesday,11 PM,"7,498",575
Wednesday,12 AM,"12,390","5,511"
Wednesday,1 AM,"8,295","3,935"
Wednesday,2 AM,"7,061","3,417"
Wednesday,3 AM,"9,469","4,371"
Wednesday,4 AM,"14,919","6,558"
Wednesday,5 AM,"21,279","9,664"
Wednesday,6 AM,"22,306","12,373"
Wednesday,7 AM,"26,841","15,308"
Wednesday,8 AM,"26,118","17,211"
Wednesday,9 AM,"27,016","19,716"
Wednesday,10 AM,"25,493","19,744"
Wednesday,11 AM,"28,093","19,802"
Wednesday,12 PM,"33,285","19,969"
Wednesday,1 PM,"28,821","19,594"
Wednesday,2 PM,"28,754","18,887"
Wednesday,3 PM,"32,514","19,179"
Wednesday,4 PM,"34,109","20,337"
Wednesday,5 PM,"37,867","22,644"
Wednesday,6 PM,"43,261","22,147"
Wednesday,7 PM,"42,450","19,865"
Wednesday,8 PM,"41,500","17,092"
Wednesday,9 PM,"32,220","13,152"
Wednesday,10 PM,"23,452","8,020"
Wednesday,11 PM,"9,165","1,649"
Thursday,12 AM,"12,884","5,591"
Thursday,1 AM,"8,395","4,084"
Thursday,2 AM,"7,963","3,698"
Thursday,3 AM,"9,569","4,837"
Thursday,4 AM,"13,529","6,799"
Thursday,5 AM,"19,741","10,638"
Thursday,6 AM,"21,607","13,914"
Thursday,7 AM,"24,946","17,212"
Thursday,8 AM,"26,193","18,215"
Thursday,9 AM,"27,309","19,408"
Thursday,10 AM,"27,874","20,877"
Thursday,11 AM,"27,897","18,668"
Thursday,12 PM,"32,907","18,522"
Thursday,1 PM,"31,839","19,190"
Thursday,2 PM,"31,864","18,609"
Thursday,3 PM,"34,692","19,702"
Thursday,4 PM,"38,034","21,205"
Thursday,5 PM,"42,738","22,580"
Thursday,6 PM,"44,191","23,094"
Thursday,7 PM,"45,208","21,361"
Thursday,8 PM,"43,271","18,077"
Thursday,9 PM,"34,611","13,202"
Thursday,10 PM,"19,222","5,187"
Thursday,11 PM,"6,748","1,460"
Friday,12 AM,"14,800","6,022"
Friday,1 AM,"10,336","4,404"
Friday,2 AM,"8,745","3,656"
Friday,3 AM,"11,892","4,747"
Friday,4 AM,"16,969","7,562"
Friday,5 AM,"22,997","10,235"
Friday,6 AM,"24,832","12,909"
Friday,7 AM,"28,484","15,642"
Friday,8 AM,"29,111","18,699"
Friday,9 AM,"29,657","19,020"
Friday,10 AM,"28,737","19,684"
Friday,11 AM,"30,019","18,496"
Friday,12 PM,"34,430","19,148"
Friday,1 PM,"33,261","19,214"
Friday,2 PM,"33,264","18,278"
Friday,3 PM,"35,916","19,512"
Friday,4 PM,"37,948","19,975"
Friday,5 PM,"37,157","20,530"
Friday,6 PM,"38,475","20,415"
Friday,7 PM,"40,701","19,279"
Friday,8 PM,"38,596","16,007"
Friday,9 PM,"29,374","13,062"
Friday,10 PM,"18,551","6,100"
Friday,11 PM,"5,206",602
Saturday,12 AM,"12,476","6,637"
Saturday,1 AM,"8,213","4,430"
Saturday,2 AM,"7,292","3,663"
Saturday,3 AM,"8,198","4,244"
Saturday,4 AM,"11,621","6,652"
Saturday,5 AM,"18,659","9,599"
Saturday,6 AM,"19,503","13,146"
Saturday,7 AM,"26,334","16,254"
Saturday,8 AM,"28,434","19,036"
Saturday,9 AM,"31,601","19,722"
Saturday,10 AM,"33,113","19,211"
Saturday,11 AM,"34,172","20,633"
Saturday,12 PM,"36,413","20,697"
Saturday,1 PM,"35,307","19,181"
Saturday,2 PM,"32,738","17,869"
Saturday,3 PM,"33,138","19,652"
Saturday,4 PM,"36,033","20,917"
Saturday,5 PM,"38,447","20,939"
Saturday,6 PM,"37,613","19,170"
Saturday,7 PM,"38,056","18,907"
Saturday,8 PM,"35,897","16,022"
Saturday,9 PM,"27,326","12,212"
Saturday,10 PM,"20,642","6,533"
Saturday,11 PM,"10,842","1,192"
