Word,Cost,Clicks,Impressions,Conversions,Top Containing Queries
asics,"CA$4,558.57","11,585","707,117",0.00,"(asics, asics gel kayano, asics gel kayano 14)"
gel,"CA$2,652.39","6,745","326,879",0.00,"(asics gel kayano, asics gel kayano 14, asics gel nyc)"
kayano,"CA$2,123.19","4,930","231,289",0.00,"(asics gel kayano, asics gel kayano 14, asics kayano 14)"
salomon,CA$824.47,"2,696","195,307",0.00,"(salomon xt6, salomon xt 6 gore tex, salomon xt 6)"
kayano 14,"CA$1,356.23","3,108","127,409",0.00,"(asics gel kayano 14, asics kayano 14, gel kayano 14)"
canada,"CA$1,394.18","11,464","123,422",0.00,"(asics canada, livestock canada, footlocker canada)"
salomon xt6,CA$315.52,"1,097","80,905",0.00,"(salomon xt6, salomon xt6 goretex, salomon xt6 gore tex)"
nyc,CA$454.86,"1,544","70,708",0.00,"(asics gel nyc, asics nyc, asics nyc gel)"
adidas,CA$403.09,"1,676","69,932",0.00,"(adidas evo sl, adidas tokyo, adidas adizero evo sl)"
xt 6,CA$343.32,983,"68,584",0.00,"(salomon xt 6 gore tex, salomon xt 6, xt 6 gore tex)"
arcteryx,CA$246.39,887,"68,204",0.00,"(arcteryx, arcteryx beanie, arcteryx toque)"
1130,CA$593.52,"1,342","67,443",0.00,"(asics gel 1130, asics 1130)"
jd,CA$334.99,734,"61,779",0.00,"(jd sports, jd sports canada, jd sport)"
sports,CA$312.88,747,"60,228",0.00,"(jd sports, svp sports, jd sports canada)"
new balance,CA$330.04,"1,238","56,534",0.00,"(new balance, new balance 204l, new balance 2010)"
gore tex,CA$299.17,756,"53,860",0.00,"(salomon xt 6 gore tex, salomon gore tex, salomon xt6 gore tex)"
evo sl,CA$237.58,970,"52,309",0.00,"(adidas evo sl, evo sl, adizero evo sl)"
shoes,CA$148.49,522,"39,731",0.00,"(asics shoes, salomon shoes, shoes)"
footlocker,CA$293.65,547,"39,431",0.00,"(footlocker, footlocker canada)"
beanie,CA$93.61,524,"28,012",0.00,"(arcteryx beanie, gramicci beanie)"
livestock,CA$767.90,"12,027","27,737",0.00,"(livestock canada, livestock toronto, livestock vancouver)"
nimbus,CA$184.35,502,"24,149",0.00,"(asics gel nimbus, asics gel nimbus 10.1, asics nimbus)"
nike,CA$120.42,348,"21,299",0.00,"(nike, nike canada, nike vomero plus)"
toque,CA$157.73,531,"20,802",0.00,"(arcteryx toque, arcteryx bird head toque, bird head toque)"
4ye,CA$43.52,327,"19,983",0.00,(4ye)
superblast,CA$246.71,460,"19,213",0.00,"(asics superblast 2, superblast 2, asics superblast)"
4,CA$173.43,626,"18,708",0.00,"(jordan 4, adios pro 4, adidas adios pro 4)"
adizero evo,CA$94.72,291,"17,483",0.00,"(adizero evo sl, adidas adizero evo sl)"
novablast 5,CA$234.68,566,"17,187",0.00,"(asics novablast 5, novablast 5)"
2160,CA$94.46,223,"15,531",0.00,"(asics gt 2160, asics 2160)"
superblast 2,CA$209.07,386,"15,141",0.00,"(asics superblast 2, superblast 2)"
arc teryx,CA$30.20,156,"15,132",0.00,"(tuque arc teryx, arc teryx)"
tokyo,CA$62.78,282,"14,052",0.00,(adidas tokyo)
204l,CA$87.30,346,"12,729",0.00,(new balance 204l)
sale,CA$100.87,246,"12,561",0.00,(asics sale)
bird head,CA$134.60,416,"11,819",0.00,"(arcteryx bird head toque, bird head toque)"
gt,CA$70.31,158,"11,670",0.00,(asics gt 2160)
gramicci,CA$61.81,363,"11,372",0.00,"(gramicci, gramicci beanie)"
adios pro,CA$140.02,459,"11,122",0.00,"(adios pro 4, adidas adios pro 4)"
ssense,CA$77.61,162,"10,276",0.00,(ssense)
nrml,CA$67.96,131,"9,870",0.00,(nrml)
sport,CA$78.10,164,"9,714",0.00,"(jd sport, sport chek)"
speedcat,CA$28.63,120,"9,475",0.00,(puma speedcat)
puma,CA$28.63,120,"9,475",0.00,(puma speedcat)
6 gtx,CA$53.99,148,"8,656",0.00,"(salomon xt 6 gtx, salomon xt6 gtx)"
svp,CA$54.31,148,"8,299",0.00,(svp sports)
tuque,CA$23.81,129,"8,212",0.00,(tuque arc teryx)
10.1,CA$88.08,228,"7,750",0.00,(asics gel nimbus 10.1)
jordan,CA$33.41,167,"7,586",0.00,(jordan 4)
toronto,CA$139.54,"2,806","7,384",0.00,(livestock toronto)
solestop,CA$53.54,87,"7,188",0.00,(solestop)
goretex,CA$22.75,62,"6,384",0.00,(salomon xt6 goretex)
2010,CA$61.16,325,"6,114",0.00,(new balance 2010)
snkrs,CA$50.81,92,"6,001",0.00,(snkrs canada)
megablast,CA$25.33,65,"5,944",0.00,(asics megablast)
1000,CA$26.58,123,"5,925",0.00,(new balance 1000)
deadstock,CA$319.91,"2,798","5,844",0.00,(deadstock canada)
sporting,CA$51.35,80,"5,840",0.00,(sporting life)
life,CA$51.35,80,"5,840",0.00,(sporting life)
norda,CA$19.04,84,"5,786",0.00,(norda)
samba,CA$18.98,115,"5,677",0.00,(adidas samba)
army,CA$89.30,413,"5,615",0.00,(adidas bw army)
bw,CA$89.30,413,"5,615",0.00,(adidas bw army)
1906r,CA$27.97,86,"5,405",0.00,(new balance 1906r)
sneakers,CA$28.06,82,"5,007",0.00,(sneakers)
12.1,CA$78.66,158,"4,995",0.00,(asics gel kayano 12.1)
vomero,CA$21.30,94,"4,789",0.00,(nike vomero plus)
plus,CA$21.30,94,"4,789",0.00,(nike vomero plus)
chek,CA$51.83,101,"4,751",0.00,(sport chek)
spezial,CA$14.82,91,"4,661",0.00,(adidas spezial)
little,CA$23.46,51,"4,289",0.00,(little burgundy)
burgundy,CA$23.46,51,"4,289",0.00,(little burgundy)
alphafly,CA$23.70,70,"4,271",0.00,(nike alphafly 3)
3,CA$23.70,70,"4,271",0.00,(nike alphafly 3)
vancouver,CA$112.94,"1,616","4,206",0.00,(livestock vancouver)
carhartt,CA$14.46,52,"3,959",0.00,(carhartt wip)
wip,CA$14.46,52,"3,959",0.00,(carhartt wip)
hat,CA$8.13,38,"3,943",0.00,(arcteryx hat)
jdsports,CA$32.24,45,"3,910",0.00,(jdsports)
2002r,CA$18.53,62,"3,803",0.00,(new balance 2002r)
