Search,Cost,Clicks,Impressions,Conversions
asics,CA$702.53,"2,079","197,270",0.00
asics gel kayano,CA$495.13,"1,232","71,810",0.00
asics gel kayano 14,CA$697.94,"1,627","67,375",0.00
asics canada,CA$318.41,599,"65,291",0.00
salomon xt6,CA$231.42,893,"64,740",0.00
asics gel nyc,CA$348.48,"1,176","56,365",0.00
asics gel 1130,CA$396.09,936,"49,402",0.00
jd sports,CA$226.12,528,"45,562",0.00
salomon xt 6 gore tex,CA$173.23,444,"30,992",0.00
footlocker,CA$201.17,411,"29,075",0.00
asics kayano 14,CA$222.87,576,"24,708",0.00
arcteryx,CA$60.94,154,"24,632",0.00
salomon xt 6,CA$94.57,349,"24,153",0.00
adidas evo sl,CA$94.36,406,"23,539",0.00
salomon,CA$86.34,307,"23,523",0.00
arcteryx beanie,CA$62.31,306,"23,078",0.00
new balance,CA$108.50,296,"22,558",0.00
gel kayano 14,CA$257.20,574,"22,237",0.00
asics gel,CA$95.62,304,"20,379",0.00
asics kayano,CA$120.54,305,"20,220",0.00
4ye,CA$43.52,327,"19,983",0.00
asics shoes,CA$74.83,230,"18,454",0.00
asics 1130,CA$197.43,406,"18,041",0.00
livestock canada,CA$515.42,"7,605","16,147",0.00
salomon shoes,CA$50.23,195,"15,032",0.00
adidas tokyo,CA$62.78,282,"14,052",0.00
kayano 14,CA$178.22,331,"13,089",0.00
new balance 204l,CA$87.30,346,"12,729",0.00
asics sale,CA$100.87,246,"12,561",0.00
asics gt 2160,CA$70.31,158,"11,670",0.00
evo sl,CA$48.50,273,"11,287",0.00
asics novablast 5,CA$143.08,315,"11,257",0.00
asics gel nimbus,CA$58.97,168,"10,488",0.00
footlocker canada,CA$92.48,136,"10,356",0.00
ssense,CA$77.61,162,"10,276",0.00
nrml,CA$67.96,131,"9,870",0.00
adizero evo sl,CA$48.89,156,"9,619",0.00
puma speedcat,CA$28.63,120,"9,475",0.00
asics superblast 2,CA$149.10,266,"9,199",0.00
arcteryx toque,CA$23.13,115,"8,983",0.00
salomon gore tex,CA$43.06,128,"8,304",0.00
svp sports,CA$54.31,148,"8,299",0.00
tuque arc teryx,CA$23.81,129,"8,212",0.00
adidas adizero evo sl,CA$45.83,135,"7,864",0.00
asics gel nimbus 10.1,CA$88.08,228,"7,750",0.00
jordan 4,CA$33.41,167,"7,586",0.00
arcteryx bird head toque,CA$91.88,274,"7,568",0.00
livestock toronto,CA$139.54,"2,806","7,384",0.00
solestop,CA$53.54,87,"7,188",0.00
arc teryx,CA$6.39,27,"6,920",0.00
gel kayano,CA$72.63,127,"6,855",0.00
adios pro 4,CA$91.53,299,"6,836",0.00
nike,CA$46.27,113,"6,477",0.00
gramicci,CA$30.51,145,"6,438",0.00
salomon xt6 goretex,CA$22.75,62,"6,384",0.00
jd sports canada,CA$32.45,71,"6,367",0.00
shoes,CA$23.43,97,"6,245",0.00
new balance 2010,CA$61.16,325,"6,114",0.00
snkrs canada,CA$50.81,92,"6,001",0.00
asics megablast,CA$25.33,65,"5,944",0.00
superblast 2,CA$59.97,120,"5,942",0.00
novablast 5,CA$91.60,251,"5,930",0.00
new balance 1000,CA$26.58,123,"5,925",0.00
asics nimbus,CA$37.30,106,"5,911",0.00
salomon xt6 gore tex,CA$33.34,78,"5,869",0.00
deadstock canada,CA$319.91,"2,798","5,844",0.00
sporting life,CA$51.35,80,"5,840",0.00
norda,CA$19.04,84,"5,786",0.00
nike canada,CA$29.15,71,"5,762",0.00
adidas samba,CA$18.98,115,"5,677",0.00
adidas bw army,CA$89.30,413,"5,615",0.00
new balance 1906r,CA$27.97,86,"5,405",0.00
asics nyc,CA$42.79,153,"5,120",0.00
sneakers,CA$28.06,82,"5,007",0.00
asics gel kayano 12.1,CA$78.66,158,"4,995",0.00
asics nyc gel,CA$32.42,113,"4,974",0.00
jd sport,CA$26.27,63,"4,963",0.00
gramicci beanie,CA$31.30,218,"4,934",0.00
jd,CA$50.15,72,"4,887",0.00
xt 6 gore tex,CA$26.54,50,"4,809",0.00
nike vomero plus,CA$21.30,94,"4,789",0.00
sport chek,CA$51.83,101,"4,751",0.00
salomon xt 6 gtx,CA$25.98,84,"4,744",0.00
adidas spezial,CA$14.82,91,"4,661",0.00
little burgundy,CA$23.46,51,"4,289",0.00
adidas adios pro 4,CA$48.49,160,"4,286",0.00
nike alphafly 3,CA$23.70,70,"4,271",0.00
bird head toque,CA$42.72,142,"4,251",0.00
gel nyc,CA$31.17,102,"4,249",0.00
adidas,CA$28.53,74,"4,238",0.00
livestock vancouver,CA$112.94,"1,616","4,206",0.00
asics superblast,CA$37.64,74,"4,072",0.00
carhartt wip,CA$14.46,52,"3,959",0.00
arcteryx hat,CA$8.13,38,"3,943",0.00
salomon xt6 gtx,CA$28.01,64,"3,912",0.00
jdsports,CA$32.24,45,"3,910",0.00
salomon xt 6 gore tex canada,CA$23.00,56,"3,886",0.00
asics 2160,CA$24.15,65,"3,861",0.00
new balance 2002r,CA$18.53,62,"3,803",0.00
salomon canada,CA$12.54,36,"3,768",0.00
