Search Keyword,Match type,Criterion Status,Campaign Status,Ad Group Status,Cost,Cost (Comparison),Clicks,Clicks (Comparison),CTR,CTR (Comparison)
deadstock ca,Phrase match,Enabled,Enabled,Enabled,CA$581.78,CA$83.52,"6,949","1,362",38.14%,63.91%
livestock ca,Exact match,Enabled,Enabled,Enabled,CA$523.19,CA$268.13,"7,275","7,499",46.69%,72.27%
deadstock canada,Exact match,Enabled,Enabled,Enabled,CA$353.17,CA$110.52,"3,214","2,176",46.23%,71.91%
livestock shoes,Exact match,Enabled,Enabled,Enabled,CA$80.05,CA$37.39,550,514,47.09%,62.23%
livestock deadstock,Exact match,Enabled,Enabled,Enabled,CA$47.48,CA$18.53,828,538,44.61%,77.86%
livestock sneakers,Exact match,Enabled,Enabled,Enabled,CA$33.42,CA$16.27,145,119,47.23%,60.41%
deadstock ca reviews,Exact match,Enabled,Enabled,Enabled,CA$3.78,CA$4.00,8,14,15.69%,23.33%
deadstock ca releases,Exact match,Enabled,Enabled,Enabled,CA$0.00,CA$12.82,0,24,0.00%,18.60%
beams shirt,Exact match,Enabled,Enabled,Enabled,CA$0.00,CA$0.00,0,0,0.00%,0.00%
beams japan,Exact match,Enabled,Enabled,Enabled,CA$0.00,CA$0.00,0,0,0.00%,0.00%
beams clothing,Exact match,Enabled,Enabled,Enabled,CA$0.00,CA$0.00,0,0,0.00%,0.00%
beams hoodie,Exact match,Enabled,Enabled,Enabled,CA$0.00,CA$0.00,0,0,0.00%,0.00%
beams brand,Exact match,Enabled,Enabled,Enabled,CA$0.00,CA$0.00,0,0,0.00%,0.00%
beams apparel,Exact match,Enabled,Enabled,Enabled,CA$0.00,CA$0.00,0,0,0.00%,0.00%
metalwood clothing,Exact match,Enabled,Enabled,Enabled,CA$0.00,CA$0.00,0,0,0.00%,0.00%
metalwood brand,Exact match,Enabled,Enabled,Enabled,CA$0.00,CA$0.00,0,0,0.00%,0.00%
metalwood shirt,Exact match,Enabled,Enabled,Enabled,CA$0.00,CA$0.00,0,0,0.00%,0.00%
metalwood hoodie,Exact match,Enabled,Enabled,Enabled,CA$0.00,CA$0.00,0,0,0.00%,0.00%
metalwood apparel,Exact match,Enabled,Enabled,Enabled,CA$0.00,CA$0.00,0,0,0.00%,0.00%
metalwood japan,Exact match,Enabled,Enabled,Enabled,CA$0.00,CA$0.00,0,0,0.00%,0.00%
patta hoodie,Exact match,Enabled,Enabled,Enabled,CA$0.00,CA$0.00,0,0,0.00%,0.00%
patta tshirt,Exact match,Enabled,Enabled,Enabled,CA$0.00,CA$0.00,0,0,0.00%,0.00%
patta apparel,Exact match,Enabled,Enabled,Enabled,CA$0.00,CA$0.00,0,0,0.00%,0.00%
patta clothing,Exact match,Enabled,Enabled,Enabled,CA$0.00,CA$0.00,0,0,0.00%,0.00%
patta shirt,Exact match,Enabled,Enabled,Enabled,CA$0.00,CA$0.00,0,0,0.00%,0.00%
patta brand,Exact match,Enabled,Enabled,Enabled,CA$0.00,CA$0.00,0,0,0.00%,0.00%
patta japan,Exact match,Enabled,Enabled,Enabled,CA$0.00,CA$0.00,0,0,0.00%,0.00%
balmoral clothing,Exact match,Enabled,Enabled,Enabled,CA$0.00,CA$0.00,0,0,0.00%,0.00%
balmoral brand,Exact match,Enabled,Enabled,Enabled,CA$0.00,CA$0.00,0,0,0.00%,0.00%
balmoral apparel,Exact match,Enabled,Enabled,Enabled,CA$0.00,CA$0.00,0,0,0.00%,0.00%
balmoral shirt,Exact match,Enabled,Enabled,Enabled,CA$0.00,CA$0.00,0,0,0.00%,0.00%
balmoral hoodie,Exact match,Enabled,Enabled,Enabled,CA$0.00,CA$0.00,0,0,0.00%,0.00%
