Date,Date(Comparison),Clicks,Clicks(Comparison),Conversions,Conversions(Comparison),Cost / conv.,Cost / conv.(Comparison),Cost,Cost(Comparison)
,"Tue, Oct 1, 2024",,603,,25.79,,CA$5.65,,CA$145.77
"Wed, Oct 1, 2025","Wed, Oct 2, 2024","1,305",577,46.36,16.73,CA$9.07,CA$9.02,CA$420.54,CA$150.88
"Thu, Oct 2, 2025","Thu, Oct 3, 2024","1,243",572,48.00,14.23,CA$8.28,CA$10.48,CA$397.31,CA$149.12
"Fri, Oct 3, 2025","Fri, Oct 4, 2024","1,081",629,29.40,16.65,CA$16.28,CA$8.91,CA$478.59,CA$148.46
"Sat, Oct 4, 2025","Sat, Oct 5, 2024","1,055",695,48.46,19.39,CA$7.03,CA$7.78,CA$340.54,CA$150.79
"Sun, Oct 5, 2025","Sun, Oct 6, 2024","1,036",705,31.11,21.23,CA$9.06,CA$6.97,CA$281.71,CA$148.02
"Mon, Oct 6, 2025","Mon, Oct 7, 2024","1,021",713,19.52,41.47,CA$16.77,CA$3.63,CA$327.34,CA$150.42
"Tue, Oct 7, 2025","Tue, Oct 8, 2024",884,644,25.93,35.01,CA$10.98,CA$4.34,CA$284.55,CA$151.77
"Wed, Oct 8, 2025","Wed, Oct 9, 2024",769,641,11.43,27.40,CA$19.22,CA$5.33,CA$219.60,CA$145.94
"Thu, Oct 9, 2025","Thu, Oct 10, 2024",741,636,18.23,17.34,CA$11.73,CA$8.78,CA$213.83,CA$152.23
"Fri, Oct 10, 2025","Fri, Oct 11, 2024",750,628,25.44,21.91,CA$8.14,CA$6.72,CA$207.19,CA$147.25
"Sat, Oct 11, 2025","Sat, Oct 12, 2024",757,645,18.37,21.94,CA$12.00,CA$6.76,CA$220.32,CA$148.36
"Sun, Oct 12, 2025","Sun, Oct 13, 2024",804,684,35.62,23.50,CA$6.30,CA$6.37,CA$224.46,CA$149.64
"Mon, Oct 13, 2025","Mon, Oct 14, 2024",909,704,15.21,21.95,CA$16.35,CA$6.58,CA$248.58,CA$144.52
"Tue, Oct 14, 2025","Tue, Oct 15, 2024",751,644,14.71,17.84,CA$15.27,CA$8.08,CA$224.61,CA$144.07
"Wed, Oct 15, 2025","Wed, Oct 16, 2024",706,666,18.92,18.98,CA$12.71,CA$7.86,CA$240.47,CA$149.28
"Thu, Oct 16, 2025","Thu, Oct 17, 2024",839,603,20.95,16.39,CA$9.95,CA$8.68,CA$208.41,CA$142.17
"Fri, Oct 17, 2025","Fri, Oct 18, 2024",821,624,15.99,14.24,CA$13.63,CA$10.22,CA$217.94,CA$145.60
"Sat, Oct 18, 2025","Sat, Oct 19, 2024",619,631,21.80,26.22,CA$9.37,CA$5.47,CA$204.31,CA$143.45
"Sun, Oct 19, 2025","Sun, Oct 20, 2024",654,687,11.37,15.82,CA$20.01,CA$9.14,CA$227.52,CA$144.62
"Mon, Oct 20, 2025","Mon, Oct 21, 2024",659,610,28.56,17.56,CA$7.15,CA$7.90,CA$204.09,CA$138.77
"Tue, Oct 21, 2025","Tue, Oct 22, 2024",669,608,13.86,30.46,CA$14.19,CA$4.62,CA$196.71,CA$140.63
"Wed, Oct 22, 2025","Wed, Oct 23, 2024",737,596,12.19,12.78,CA$17.12,CA$11.15,CA$208.62,CA$142.53
"Thu, Oct 23, 2025","Thu, Oct 24, 2024",656,590,29.68,37.38,CA$7.14,CA$3.75,CA$212.00,CA$140.21
"Fri, Oct 24, 2025","Fri, Oct 25, 2024",619,576,16.82,15.84,CA$12.01,CA$8.82,CA$201.99,CA$139.70
"Sat, Oct 25, 2025","Sat, Oct 26, 2024",664,608,14.47,22.87,CA$13.33,CA$6.00,CA$192.98,CA$137.30
"Sun, Oct 26, 2025","Sun, Oct 27, 2024",541,667,19.57,32.27,CA$7.71,CA$4.25,CA$150.78,CA$137.01
"Mon, Oct 27, 2025","Mon, Oct 28, 2024",545,533,11.55,20.17,CA$14.01,CA$6.60,CA$161.81,CA$133.22
"Tue, Oct 28, 2025","Tue, Oct 29, 2024",513,542,20.90,18.82,CA$6.89,CA$7.06,CA$144.06,CA$132.92
"Wed, Oct 29, 2025","Wed, Oct 30, 2024",608,554,13.51,25.06,CA$11.77,CA$5.18,CA$159.05,CA$129.89
"Thu, Oct 30, 2025","Thu, Oct 31, 2024",626,517,12.96,12.37,CA$12.52,CA$9.51,CA$162.28,CA$117.60
"Fri, Oct 31, 2025","Fri, Nov 1, 2024",565,594,16.10,19.48,CA$10.54,CA$7.60,CA$169.73,CA$148.01
"Sat, Nov 1, 2025","Sat, Nov 2, 2024",689,696,31.48,17.36,CA$6.25,CA$8.93,CA$196.79,CA$155.11
"Sun, Nov 2, 2025","Sun, Nov 3, 2024",751,703,18.23,17.49,CA$11.80,CA$8.73,CA$215.21,CA$152.75
"Mon, Nov 3, 2025","Mon, Nov 4, 2024",695,636,28.97,20.38,CA$7.07,CA$7.64,CA$204.79,CA$155.64
"Tue, Nov 4, 2025","Tue, Nov 5, 2024",632,645,24.12,14.45,CA$8.66,CA$10.73,CA$208.90,CA$155.13
"Wed, Nov 5, 2025","Wed, Nov 6, 2024",654,628,21.19,15.94,CA$10.38,CA$9.55,CA$219.92,CA$152.27
"Thu, Nov 6, 2025","Thu, Nov 7, 2024",672,632,28.95,11.39,CA$6.98,CA$13.90,CA$201.93,CA$158.35
"Fri, Nov 7, 2025","Fri, Nov 8, 2024",768,647,24.35,26.97,CA$10.14,CA$5.53,CA$246.90,CA$149.04
"Sat, Nov 8, 2025","Sat, Nov 9, 2024","1,005",772,43.47,16.83,CA$6.87,CA$9.17,CA$298.81,CA$154.40
"Sun, Nov 9, 2025","Sun, Nov 10, 2024","1,151",681,37.41,15.05,CA$9.22,CA$10.03,CA$344.80,CA$150.97
"Mon, Nov 10, 2025","Mon, Nov 11, 2024",971,640,32.32,21.12,CA$8.24,CA$7.19,CA$266.40,CA$151.81
"Tue, Nov 11, 2025","Tue, Nov 12, 2024",949,550,36.93,20.51,CA$7.30,CA$7.31,CA$269.43,CA$149.85
"Wed, Nov 12, 2025","Wed, Nov 13, 2024",924,524,27.24,12.92,CA$10.09,CA$11.61,CA$274.75,CA$149.98
"Thu, Nov 13, 2025","Thu, Nov 14, 2024","1,270",566,82.09,26.25,CA$4.94,CA$5.72,CA$405.30,CA$150.23
"Fri, Nov 14, 2025","Fri, Nov 15, 2024","1,499",654,56.11,82.23,CA$7.50,CA$1.79,CA$420.83,CA$147.14
"Sat, Nov 15, 2025","Sat, Nov 16, 2024","2,210",645,102.76,32.55,CA$6.64,CA$4.56,CA$681.96,CA$148.34
"Sun, Nov 16, 2025","Sun, Nov 17, 2024","1,849",676,62.53,28.78,CA$11.50,CA$5.28,CA$718.86,CA$152.08
"Mon, Nov 17, 2025","Mon, Nov 18, 2024","1,630",593,55.90,18.51,CA$12.60,CA$7.94,CA$704.55,CA$147.09
"Tue, Nov 18, 2025","Tue, Nov 19, 2024","1,633",588,89.92,23.07,CA$7.82,CA$6.48,CA$703.02,CA$149.37
"Wed, Nov 19, 2025","Wed, Nov 20, 2024","1,612",597,63.66,20.78,CA$11.34,CA$7.10,CA$722.10,CA$147.47
"Thu, Nov 20, 2025","Thu, Nov 21, 2024","1,709",648,56.15,38.86,CA$12.64,CA$3.76,CA$710.00,CA$146.15
"Fri, Nov 21, 2025","Fri, Nov 22, 2024","1,704",616,57.58,26.34,CA$12.54,CA$5.46,CA$722.18,CA$143.87
"Sat, Nov 22, 2025","Sat, Nov 23, 2024","1,593",806,63.17,21.86,CA$9.61,CA$6.65,CA$607.00,CA$145.32
"Sun, Nov 23, 2025","Sun, Nov 24, 2024","1,605",709,55.22,25.91,CA$10.92,CA$5.52,CA$602.80,CA$143.06
"Mon, Nov 24, 2025","Mon, Nov 25, 2024","1,462",672,46.33,14.38,CA$12.84,CA$9.97,CA$594.68,CA$143.42
"Tue, Nov 25, 2025","Tue, Nov 26, 2024","1,512",732,72.12,28.71,CA$5.86,CA$4.88,CA$422.32,CA$140.18
"Wed, Nov 26, 2025","Wed, Nov 27, 2024","1,639",566,75.91,21.39,CA$6.00,CA$6.41,CA$455.20,CA$137.11
"Thu, Nov 27, 2025","Thu, Nov 28, 2024","1,671",622,91.06,33.28,CA$5.14,CA$4.11,CA$467.97,CA$136.68
"Fri, Nov 28, 2025","Fri, Nov 29, 2024","2,470",737,140.10,35.92,CA$4.12,CA$3.89,CA$576.96,CA$139.62
"Sat, Nov 29, 2025","Sat, Nov 30, 2024","1,698",646,75.76,36.73,CA$4.77,CA$3.31,CA$361.51,CA$121.68
"Sun, Nov 30, 2025","Sun, Dec 1, 2024","1,458",781,75.63,33.56,CA$4.20,CA$4.84,CA$317.32,CA$162.37
"Mon, Dec 1, 2025","Mon, Dec 2, 2024","1,978",689,97.51,46.54,CA$6.70,CA$3.45,CA$652.89,CA$160.49
"Tue, Dec 2, 2025","Tue, Dec 3, 2024","1,414",603,66.47,19.38,CA$7.52,CA$7.67,CA$499.82,CA$148.59
"Wed, Dec 3, 2025","Wed, Dec 4, 2024","1,396",566,58.43,33.97,CA$7.94,CA$4.12,CA$464.01,CA$139.98
"Thu, Dec 4, 2025","Thu, Dec 5, 2024","1,181",531,44.97,22.17,CA$9.35,CA$6.34,CA$420.61,CA$140.68
"Fri, Dec 5, 2025","Fri, Dec 6, 2024","1,247",555,38.77,44.66,CA$10.78,CA$3.22,CA$417.90,CA$143.64
"Sat, Dec 6, 2025","Sat, Dec 7, 2024","1,050",549,41.81,23.65,CA$8.10,CA$5.96,CA$338.69,CA$140.85
"Sun, Dec 7, 2025","Sun, Dec 8, 2024","1,247",561,43.86,37.01,CA$10.45,CA$3.92,CA$458.32,CA$145.07
"Mon, Dec 8, 2025","Mon, Dec 9, 2024","1,181",576,55.96,34.93,CA$7.49,CA$4.17,CA$419.23,CA$145.60
"Tue, Dec 9, 2025","Tue, Dec 10, 2024","1,139",557,39.88,29.54,CA$10.49,CA$4.98,CA$418.13,CA$147.03
"Wed, Dec 10, 2025","Wed, Dec 11, 2024","1,071",577,26.46,17.89,CA$14.06,CA$8.16,CA$371.88,CA$145.98
"Thu, Dec 11, 2025","Thu, Dec 12, 2024",981,552,49.11,37.63,CA$7.63,CA$4.01,CA$374.59,CA$150.89
"Fri, Dec 12, 2025","Fri, Dec 13, 2024","1,084",626,35.06,29.60,CA$10.77,CA$5.03,CA$377.67,CA$148.90
"Sat, Dec 13, 2025","Sat, Dec 14, 2024","1,592",710,66.10,54.04,CA$6.70,CA$2.80,CA$442.87,CA$151.34
"Sun, Dec 14, 2025","Sun, Dec 15, 2024","1,384",652,58.13,26.16,CA$7.56,CA$5.63,CA$439.45,CA$147.22
"Mon, Dec 15, 2025","Mon, Dec 16, 2024","1,012",567,26.97,28.78,CA$12.97,CA$5.09,CA$349.91,CA$146.56
"Tue, Dec 16, 2025","Tue, Dec 17, 2024",898,598,36.34,19.99,CA$8.13,CA$7.44,CA$295.45,CA$148.70
"Wed, Dec 17, 2025","Wed, Dec 18, 2024","1,005",593,41.65,24.24,CA$7.90,CA$6.11,CA$328.98,CA$148.15
"Thu, Dec 18, 2025","Thu, Dec 19, 2024","1,010",690,31.84,23.64,CA$11.19,CA$6.18,CA$356.32,CA$146.13
"Fri, Dec 19, 2025","Fri, Dec 20, 2024","1,120",775,51.00,38.72,CA$7.05,CA$3.72,CA$359.58,CA$144.17
"Sat, Dec 20, 2025","Sat, Dec 21, 2024",997,845,19.55,39.19,CA$16.92,CA$3.67,CA$330.68,CA$143.80
"Sun, Dec 21, 2025","Sun, Dec 22, 2024","1,097",665,42.77,21.76,CA$7.80,CA$6.67,CA$333.48,CA$145.06
"Mon, Dec 22, 2025","Mon, Dec 23, 2024","1,127",615,26.38,29.78,CA$12.84,CA$4.65,CA$338.68,CA$138.59
"Tue, Dec 23, 2025","Tue, Dec 24, 2024","1,533",830,73.33,88.07,CA$6.05,CA$1.65,CA$443.63,CA$145.43
"Wed, Dec 24, 2025","Wed, Dec 25, 2024","1,621",850,81.77,51.81,CA$7.51,CA$2.69,CA$614.14,CA$139.34
"Thu, Dec 25, 2025","Thu, Dec 26, 2024","2,266","1,122",80.13,75.62,CA$8.96,CA$1.98,CA$718.01,CA$149.74
"Fri, Dec 26, 2025","Fri, Dec 27, 2024","2,350",886,109.61,59.08,CA$5.52,CA$2.32,CA$604.59,CA$137.14
"Sat, Dec 27, 2025","Sat, Dec 28, 2024","1,708",802,65.56,35.56,CA$6.58,CA$3.91,CA$431.47,CA$139.09
"Sun, Dec 28, 2025","Sun, Dec 29, 2024","1,688",726,60.61,28.28,CA$6.89,CA$4.47,CA$417.82,CA$126.41
"Mon, Dec 29, 2025","Mon, Dec 30, 2024","1,502",726,51.85,51.90,CA$7.04,CA$2.34,CA$365.17,CA$121.22
"Tue, Dec 30, 2025","Tue, Dec 31, 2024","1,326",643,45.24,29.69,CA$6.98,CA$3.94,CA$315.69,CA$117.08
"Wed, Dec 31, 2025",,"1,195",,33.41,,CA$8.90,,CA$297.49,
