Campaign Name,Tags,Subject,List,Send Time,Send Weekday,Total Recipients,Unique Active on Site,Active on Site Rate,Unique Opens,Open Rate,Total Opens,Unique Clicks,Click Rate,Total Clicks,Unsubscribes,Spam Complaints,Spam Complaints Rate,Successful Deliveries,Bounces,Bounce Rate,Campaign ID,Campaign Channel
2025_10_01_RELEASE_NIKE_PATTA_AMDN8,,"New Release: Nike x Patta Air Max Dn8, Patta Collection",365_DAY_ENGAGED,2025-10-01 10:00:00,Wednesday,138305.0,927.0,0.67%,66031.0,47.94%,92411.0,1556.0,1.13%,1948.0,102.0,22.0,0.02%,137745.0,560.0,0.40%,01K6ETQ8SZQG9012XT3FQ9NP1K,Email
Clone 2025_10_02_RELEASE_NEW_BALANCE_204L,,New Release: New Balance 204L Pearl Grey,365_DAY_ENGAGED,2025-10-02 10:00:00,Thursday,138221.0,645.0,0.47%,65194.0,47.34%,91399.0,935.0,0.68%,1126.0,184.0,4.0,0.00%,137701.0,520.0,0.38%,01K6HK4NPJAWD98D8B4SGZV4V1,Email
2025_10_06_LIFESTYLE_UMBRO,,Lifestyle: The Latest From Umbro,365_DAY_ENGAGED,2025-10-06 11:00:00,Monday,136466.0,795.0,0.58%,62392.0,45.91%,87703.0,1071.0,0.79%,1419.0,139.0,21.0,0.01%,135908.0,558.0,0.41%,01K6W2538EMPC9F6593FAC6TEM,Email
2025_10_09_RELEASE_NIKE_LEBRON_ON_PAF,,"New Release: New On PAF, LeBron XXIII 'Miami Twice'",365_DAY_ENGAGED,2025-10-09 10:00:00,Thursday,136223.0,651.0,0.48%,63182.0,46.55%,88531.0,1205.0,0.89%,1552.0,114.0,8.0,0.01%,135730.0,493.0,0.36%,01K73PKMXPZS41HWWPC1MB1YJ3,Email
2025_10_10_RELEASE_NIKE_AM95_SAUCONY_JTIPS,,"New Release: Nike Air Max 95 OG “Solar Red”, Saucony x Jae Tips ProGrid Triumph 4",nike-affinity-180-days-engaged,2025-10-10 10:00:00,Friday,26129.0,556.0,2.14%,14812.0,56.88%,21852.0,1029.0,3.95%,1296.0,33.0,1.0,0.00%,26043.0,86.0,0.33%,01K75DDXCRQMNXWN6KR822DW37,Email
2025_10_10_RELEASE_ADIDAS_SFTM,,New Release: adidas Originals and Song for the Mute Unveil Their Sixth Collaboration,adidas-affinity-180-days-engaged,2025-10-10 10:00:00,Friday,15128.0,177.0,1.18%,7956.0,52.83%,11505.0,256.0,1.70%,332.0,21.0,1.0,0.01%,15059.0,69.0,0.46%,01K75GPR57GHKJBA9X9GS2TCF9,Email
2025_10_11_RELEASE_ASICS_UPTHERE,,"New Release: adidas Originals x Pharrell VIRGINIA Adistar Jellyfish 'Real Green', ASICS x FACETASM Gel-Kayano 14",365_DAY_ENGAGED,2025-10-11 10:00:00,Saturday,135640.0,987.0,0.73%,64894.0,48.01%,91581.0,2489.0,1.84%,3548.0,197.0,4.0,0.00%,135157.0,483.0,0.36%,01K78Q90KAY31TPN76D7HX7HZ4,Email
2025_10_10_RELEASE_NIKE_VOMERO_LEVI_AF3,,"New Release: Nike x Nigo x Levi's Air Force 3 Low SP, Nike Vomero Premium ""Barely Volt""",365_DAY_ENGAGED,2025-10-16 10:00:00,Thursday,135466.0,1160.0,0.86%,65165.0,48.27%,92890.0,2861.0,2.12%,3866.0,199.0,14.0,0.01%,135002.0,464.0,0.34%,01K7MV3GV2VNQCCW3NY2999NT7,Email
2025_10_22_ASICS_EE_Nimbus_Jogs_100s,,"New Arrivals: ASICS x Eighteen East GEL-Nimbus 10.1, ASICS Jog 100s",365_DAY_ENGAGED,2025-10-23 10:30:00,Thursday,134398.0,645.0,0.48%,58218.0,43.46%,83360.0,1349.0,1.01%,1802.0,110.0,7.0,0.01%,133962.0,436.0,0.32%,01K81SY6QJ0BXJGE68680WYEWG,Email
"2025_10_24_Nike_Air_force_1_&_Nike_Air_Max_95_""Houseflies""_Pack",,"New Release: Nike Air Force 1 & Air Max 95 ""Houseflies"" Pack",365_DAY_ENGAGED,2025-10-24 03:00:00,Friday,134317.0,732.0,0.55%,64834.0,48.42%,92745.0,1294.0,0.97%,1781.0,140.0,5.0,0.00%,133900.0,417.0,0.31%,01K86XMXTFDHZN0PWP2R61S9X2,Email
2025_10_30_Nike_Kobe_9_Elite_Low_Protro_Moonwalker,,"New Release: Nike Kobe 9 Elite Low Protro ""Moonwalker""",365_DAY_ENGAGED,2025-10-30 03:00:00,Thursday,134011.0,967.0,0.72%,65733.0,49.22%,94765.0,2656.0,1.99%,3871.0,155.0,11.0,0.01%,133551.0,460.0,0.34%,01K8BWZSJQPAQJXQ4EJE7JJHJ1,Email
2025_11_01_Release_Nike_Baltoro_SP_&_Nike_Kobe_AF1_&_Jordan_Women's_4_Retro,,"New Release: Nike Baltoro SP Pack, Kobe AF1 ""Triple Black, & Jordan Women's 4 Retro ""Cozy Girl",nike-affinity-180-days-engaged,2025-11-01 03:00:00,Saturday,192.0,8.0,4.17%,104.0,54.17%,171.0,9.0,4.69%,12.0,0.0,0.0,0.00%,192.0,0.0,0.00%,01K8BT37AE9508K0S8BB7H4H66,Email
2025_11_01_Release_Nike_Baltoro_SP_&_Nike_Kobe_AF1_&_Jordan_Women's_4_Retro,,"New Release: Nike Baltoro SP Pack, Nike Kobe AF1 ""Triple Black, & Jordan Women's 4 Retro ""Cozy Girl",nike-affinity-180-days-engaged,2025-11-01 10:00:00,Saturday,25802.0,677.0,2.63%,14627.0,56.86%,22060.0,1049.0,4.08%,1355.0,19.0,5.0,0.02%,25724.0,78.0,0.30%,01K8Y60AX2WBM9JRHZ2VXT88PF,Email
2025_10_30_Margin,,Lifestyle: MARGIN for Modern Care,365_DAY_ENGAGED,2025-11-04 10:00:00,Tuesday,133706.0,413.0,0.31%,63106.0,47.37%,89729.0,492.0,0.37%,1134.0,159.0,8.0,0.01%,133227.0,479.0,0.36%,01K95S0GAPW8NRHASGQH6DS3P3,Email
2025_11_06_Release_Nike_Air_Max_Zip_SP_Pack,,New Release: Nike Air Max Zip SP Pack,nike-affinity-180-days-engaged,2025-11-06 10:00:00,Thursday,25742.0,582.0,2.27%,14500.0,56.49%,21744.0,820.0,3.19%,962.0,35.0,0.0,0.00%,25670.0,72.0,0.28%,01K9ARSE48A3B7WAX51A087ZZF,Email
2025_11_06_Release_adidas_NY_2_Outdoor_Spezial_&_Wensley_Spezial,,New Release: adidas NY II Outdoor & Wensley Spezial,adidas-affinity-180-days-engaged,2025-11-06 10:00:00,Thursday,10154.0,84.0,0.83%,5148.0,50.90%,7442.0,114.0,1.13%,160.0,9.0,0.0,0.00%,10114.0,40.0,0.39%,01K9AS4P9ZRED529VDA374AYY8,Email
2025_10_30_Release_PUMA_JJJOUND_Collection_&_Jordan_12_Retro_Taxi,,"New Release: Puma x JJJOUND Collection & Jordan 12 Retro ""Taxi""",365_DAY_ENGAGED,2025-11-08 10:00:00,Saturday,132673.0,883.0,0.67%,64974.0,49.15%,92834.0,2135.0,1.62%,3615.0,141.0,5.0,0.00%,132197.0,476.0,0.36%,01K9AZDJDEJ89B4VSFSD8XMB32,Email
2025_11_11_Release_New_Balance_RC56,,"New Release: New Balance RC56 '""Blue Gemstone""",365_DAY_ENGAGED,2025-11-11 10:00:00,Tuesday,132537.0,807.0,0.61%,63463.0,48.04%,90364.0,1351.0,1.02%,1749.0,124.0,4.0,0.00%,132100.0,437.0,0.33%,01K9QRDSM98AM7RJY3W60GH8JE,Email
2025_11_13_Black_Friday_sale_50%_OFF,,Early Black Friday is live.,365_DAY_ENGAGED,2025-11-13 12:20:00,Thursday,131370.0,1568.0,1.20%,64223.0,49.04%,92515.0,3927.0,3.00%,5198.0,82.0,18.0,0.01%,130952.0,418.0,0.32%,01K9WYSF11NY7YPGK9S5FSDQTA,Email
2025_11_14_Release_Oakley_Braindead,,Designed By Brain Dead. Powered By Oakley.,365_DAY_ENGAGED,2025-11-14 10:00:00,Friday,132385.0,640.0,0.48%,64227.0,48.67%,91962.0,957.0,0.73%,1356.0,119.0,18.0,0.01%,131978.0,407.0,0.31%,01K9WPG62VWG266NMHXG7TQ9WT,Email
2025_11_15_Release_Jordan_1_Retro_Low_OG_Chicago,,"New Release: Jordan 1 Retro Low OG ""Chicago""",365_DAY_ENGAGED,2025-11-15 09:00:00,Saturday,132284.0,1234.0,0.94%,65681.0,49.81%,94561.0,3422.0,2.60%,5217.0,91.0,6.0,0.01%,131874.0,410.0,0.31%,01K9QTAFTWXCYJBSQ36D0VGXG8,Email
2025_11_17_Release_Carhartt_WIP,,Sound in Progress: Carhartt WIP,365_DAY_ENGAGED,2025-11-16 11:00:00,Sunday,132183.0,1042.0,0.79%,64634.0,49.04%,92332.0,1290.0,0.98%,2825.0,147.0,5.0,0.00%,131790.0,393.0,0.30%,01KA1PPK0PMMS4EXRQHZB86JGW,Email
2025_11_19_Release_Jordan_Shadow_Nike_Bubble_Boy,,The Latest Releases From Nike & Jordan,365_DAY_ENGAGED,2025-11-19 10:00:00,Wednesday,132190.0,815.0,0.62%,64030.0,48.60%,90949.0,1276.0,0.97%,1634.0,118.0,4.0,0.00%,131758.0,432.0,0.33%,01KA9YS94F4BB1Y3Y6G3RQM0V2,Email
2025_11_20_Release_Nigo_Nike_AF1_ON_Cloudflow,,Release: Nike Air Force 3 Low SP & On Cloudflow 5 AD,365_DAY_ENGAGED,2025-11-20 02:00:00,Thursday,765.0,0.0,0.00%,524.0,68.77%,761.0,3.0,0.39%,4.0,0.0,0.0,0.00%,762.0,3.0,0.39%,01KA9ZYA11E27HQ6097EYZ8GDJ,Email
2025_11_20_Release_Nigo_Nike_AF1_ON_Cloudflow,,New Release: Nike x NIGO Air Force 3 Low SP & On Cloudflow 5 AD,365_DAY_ENGAGED,2025-11-20 10:00:00,Thursday,132218.0,814.0,0.62%,64630.0,49.04%,92149.0,1597.0,1.21%,2094.0,1213.0,3.0,0.00%,131788.0,430.0,0.33%,01KAEW4FSXP97SSJNXNEFK6WND,Email
2025_11_21_Release_New_Balance_Joe_Fresh_Goods,,New Release: New Balance x Joe Freshgoods,365_DAY_ENGAGED,2025-11-21 10:00:00,Friday,130987.0,918.0,0.70%,65075.0,49.83%,92995.0,1722.0,1.32%,2024.0,87.0,6.0,0.01%,130591.0,396.0,0.30%,01KAF02FC8Z75XMG6F68BFE8BC,Email
2025_11_22_Lifestyle_SSSSOAPS_Salt_&_Stone_Apothecary,,"Discover the Modern Apothecary: 
Salt & Stone + SSSOAPS",365_DAY_ENGAGED,2025-11-23 10:00:00,Sunday,130988.0,442.0,0.34%,63427.0,48.56%,90101.0,473.0,0.36%,1910.0,155.0,6.0,0.01%,130604.0,384.0,0.29%,01KA9ZF7HB6TXJ3X65DH20B3S8,Email
2025_11_25_Black_Friday_sale_70%_OFF,,....NOW Up to 70% OFF,365_DAY_ENGAGED,2025-11-25 08:30:00,Tuesday,82543.0,934.0,1.14%,41584.0,50.54%,59313.0,2598.0,3.16%,3198.0,68.0,12.0,0.01%,82273.0,270.0,0.33%,01K9Z4615WPMCCWTDWREMYV7NQ,Email
2025_11_25_Black_Friday_sale_70%_OFF,,....NOW Up to 70% OFF,365_DAY_ENGAGED,2025-11-25 08:30:00,Tuesday,46994.0,666.0,1.42%,21790.0,46.51%,30631.0,1712.0,3.65%,2089.0,41.0,6.0,0.01%,46847.0,147.0,0.31%,01KAY51K3D67KXGAD6C4SYE3RN,Email
2025_11_27_Lifestyle_ Arc'teryx,,"Arc'teryx: Built for Mountains, Worn Everywhere",365_DAY_ENGAGED,2025-11-27 10:00:00,Thursday,130657.0,656.0,0.50%,62749.0,48.20%,87070.0,842.0,0.65%,1093.0,121.0,5.0,0.00%,130189.0,468.0,0.36%,01KAVS2N0ZK15JDQ4VTABXRXTW,Email
2025_11_27_Black_Friday_sale_70%_OFF_Reminder,,....NOW Up to 70% OFF,365_DAY_ENGAGED,2025-11-27 15:00:00,Thursday,85051.0,1049.0,1.24%,41613.0,49.09%,58157.0,2566.0,3.03%,3586.0,42.0,9.0,0.01%,84765.0,286.0,0.34%,01KAVJV5Q5XJTHTPHBYMTN5NKN,Email
2025_11_28_Release_Jordan_4_Retro_Black_Cat,,"New Release: Jordan 4 Retro ""Black Cat""",365_DAY_ENGAGED,2025-11-28 10:00:00,Friday,130700.0,1002.0,0.77%,63633.0,48.88%,89062.0,2657.0,2.04%,3379.0,120.0,5.0,0.00%,130185.0,515.0,0.39%,01KAVRZ5B4FJ2N6YJC01HN1327,Email
2025_11_29_Vans_Old_Skool_OTW,,New Arrival: Vans Old Skool 36 Pearlized & Vans OTW Oldskool 36 Vibram,365_DAY_ENGAGED,2025-11-29 10:00:00,Saturday,130916.0,577.0,0.44%,63375.0,48.59%,88522.0,879.0,0.67%,1202.0,217.0,4.0,0.00%,130416.0,500.0,0.38%,01KAVRTYCVW0W8EDA4MD30B799,Email
2025___Black_Friday_sale_70%_Last_Chance,,Our Black Friday Sale is ENDING in 24 hours!,365_DAY_ENGAGED,2025-12-02 19:30:00,Tuesday,130939.0,1142.0,0.88%,64350.0,49.34%,90496.0,2380.0,1.82%,2842.0,156.0,17.0,0.01%,130432.0,507.0,0.39%,01K9Z56DKXTXG7V9NZNJAXHD4X,Email
2025_12_03_Lifestyle_thisisneverthat,,Latest Drop From thisisneverthat,365_DAY_ENGAGED,2025-12-03 10:00:00,Wednesday,130868.0,556.0,0.43%,63446.0,48.66%,88198.0,671.0,0.52%,862.0,172.0,12.0,0.01%,130379.0,489.0,0.37%,01KBDXSPCK042ZKRJR099K5DSS,Email
2025_12_04_Livestock_Gift_Guide,,"Holiday Chaos, Curated Style",365_DAY_ENGAGED,2025-12-05 18:10:24,Friday,129605.0,487.0,0.38%,62580.0,48.45%,86719.0,646.0,0.50%,936.0,108.0,11.0,0.01%,129156.0,449.0,0.35%,01KBE09Z774TG1MAWY8SYJCSCX,Email
2025_12_06_Lifestyle_b.Eautiful,,b.Eautiful: Conversation Starters for the Creative Underground,365_DAY_ENGAGED,2025-12-06 11:00:00,Saturday,129489.0,439.0,0.34%,64234.0,49.77%,89213.0,554.0,0.43%,903.0,181.0,4.0,0.00%,129055.0,434.0,0.34%,01KBKAMCRC3FP9NB2HZHY94ETC,Email
2025_12_08_Release_Salomon_Andrew,,Release: Salomon x ANDREW XT-6,365_DAY_ENGAGED,2025-12-08 10:00:00,Monday,129350.0,784.0,0.61%,63622.0,49.34%,87838.0,1293.0,1.00%,1525.0,193.0,5.0,0.00%,128942.0,408.0,0.32%,01KBRBZ8JE7VHJJ861E0Z0Y90R,Email
2025_12_11_Release_ Vans_Gallery_Dept,,Release: Vans x Gallery Dept.,365_DAY_ENGAGED,2025-12-11 10:00:00,Thursday,129216.0,864.0,0.67%,63919.0,49.63%,88739.0,2104.0,1.63%,2661.0,156.0,4.0,0.00%,128797.0,419.0,0.32%,01KC2MS20W307TCR94TZVV858D,Email
2025_12_13_Release_ Jordan_11_Gamma,,"Release: Jordan 11 Retro ""Gamma Blue""",365_DAY_ENGAGED,2025-12-13 10:00:00,Saturday,127981.0,1151.0,0.90%,65014.0,50.96%,90680.0,3193.0,2.50%,4036.0,174.0,3.0,0.00%,127575.0,406.0,0.32%,01KCA3M8EXSPPVTANKVAPN5H8B,Email
2025_12_17_Release_ Nike_Palace_DN8,,Nike x Palace: Meddling with Forces They Don't Understand,365_DAY_ENGAGED,2025-12-17 10:00:00,Wednesday,127990.0,833.0,0.65%,66048.0,51.77%,91577.0,1688.0,1.32%,2037.0,107.0,4.0,0.00%,127589.0,401.0,0.31%,01KCAAZXMHKG1231Q788KYQCF3,Email
2025_12_18_Release_adidas_Braindead_Salomon_Carhartt,,Latest Collaborative Releases: adidas x Brain Dead & Salomon x Carhartt WIP,365_DAY_ENGAGED,2025-12-18 10:00:00,Thursday,127775.0,641.0,0.50%,62066.0,48.73%,85945.0,1156.0,0.91%,1420.0,113.0,3.0,0.00%,127379.0,396.0,0.31%,01KCR8TZZX3J8FP62C7NNAD60G,Email
2025_12_19_Release_Nike_GT_Travis,,"Releases: Jordan Jumpman Jack TR Travis Scott x Chase B, Nike G.T. Future QS",365_DAY_ENGAGED,2025-12-19 10:00:00,Friday,127689.0,1221.0,0.96%,62129.0,48.80%,85775.0,3593.0,2.82%,4780.0,126.0,3.0,0.00%,127316.0,373.0,0.29%,01KCSQX1H34N5K8HRZ2PZQR77A,Email
2025_12_22_Livestock_Gift_Guide,,Livestock Holiday Gift Guide,365_DAY_ENGAGED,2025-12-22 15:00:00,Monday,127617.0,505.0,0.40%,62226.0,48.91%,87399.0,686.0,0.54%,860.0,126.0,7.0,0.01%,127224.0,393.0,0.31%,01KD3RW9X89G6PAQ7H36GF9J7H,Email
2025_12_23_BOXING_DAY,,Boxing Week is Here!,"30_DAY_ENGAGED, 365_DAY_ENGAGED",2025-12-24 10:00:00,Wednesday,127494.0,1611.0,1.27%,60920.0,47.93%,85981.0,3344.0,2.63%,4417.0,124.0,2.0,0.00%,127100.0,394.0,0.31%,01KD6FE7S34P77F3E22MCZXY0V,Email
2025_12_29_BOXING_DAY,,Boxing Week Continues!,"30_DAY_ENGAGED, 365_DAY_ENGAGED",2025-12-29 16:15:00,Monday,127561.0,1111.0,0.88%,65417.0,51.53%,92023.0,2632.0,2.07%,3222.0,190.0,2.0,0.00%,126953.0,608.0,0.48%,01KDNY4PSAMXMKWZ1KWR8A80Z4,Email
2025_12_31_Lifestyle_Adidem Asterisk,,Meeting of The Minds: New Adidem Asterisks,365_DAY_ENGAGED,2025-12-31 15:00:00,Wednesday,127494.0,691.0,0.54%,66091.0,52.01%,94025.0,934.0,0.73%,1216.0,310.0,7.0,0.01%,127069.0,425.0,0.33%,01KDRJHB5D16XK2G2P8BKAB5XA,Email
