"Day","Discounts","Sales reversals","Net sales","Conversion rate","Average order value","Sessions","Day (previous_year)","Discounts (previous_year)","Sales reversals (previous_year)","Net sales (previous_year)","Conversion rate (previous_year)","Average order value (previous_year)","Sessions (previous_year)","Discounts (previous_year) ","Sales reversals (previous_year) ","Net sales (previous_year) ","Conversion rate (previous_year) ","Average order value (previous_year) ","Sessions (previous_year) "
"2025-10-01",-423.75,-765,21535.25,0.007712330087727755,247.78,10373,"2024-10-01",-175.5,-3346.6,14085.9,0.00559093026867526,183.5,12878,-141.452,77.14,52.885,37.94359287466393,35.029,-19.451778226432676
"2025-10-02",-97,-771.5,11389.5,0.007707364815267923,193.031,8174,"2024-10-02",-634.5,-2153.7,8468.8,0.007596371882086168,149.612,8820,84.712,64.177,34.487,1.4611308517359365,29.021,-7.324263038548753
"2025-10-03",-703.35,-580,6751.65,0.0061992619926199265,159.383,6775,"2024-10-03",-793.5,-3494,34380.5,0.00798127061828243,268.613,9397,11.361,83.4,-80.361,-22.327380073800736,-40.664,-27.90252208151538
"2025-10-04",-144,-439,5199,0.006400538992757285,137.512,5937,"2024-10-04",-928.5,-3466.15,47651.35,0.008875985068436334,277.812,12055,84.491,87.334,-89.089,-27.889254618982182,-50.501,-50.750725839900454
"2025-10-05",-37.5,-760,6229.5,0.0055049028040598654,183.934,5813,"2024-10-05",-330.75,-7471,6701.25,0.008415841584158416,186.476,8080,88.662,89.827,-7.039,-34.58880197528866,-1.363,-28.056930693069308
"2025-10-06",-131.1,-487,4146.9,0.003752785270317814,132.397,8527,"2024-10-06",-54.75,-4305,8102.25,0.00837681955506729,177.246,7282,-139.452,88.687,-48.817,-55.20035682220603,-25.303,17.096951386981598
"2025-10-07",-27,-1585,2953,0.0028788813489615465,162.071,9726,"2024-10-07",-117,-2496.15,13485.85,0.007389617587289858,175.626,10826,76.923,36.502,-78.102,-61.04153814517788,-7.718,-10.160724182523554
"2025-10-08",-79.25,-1237,4257.75,0.003221908981071285,156.992,9932,"2024-10-08",-211.5,-3431.5,9828,0.008797653958944282,161.701,8184,62.529,63.951,-56.677,-63.37763458182306,-2.912,21.358748778103617
"2025-10-09",-186,-919,6790,0.00348017217693928,183.547,10919,"2024-10-09",-62,-4748.85,8910.15,0.007152288732394366,172.898,9088,-200,80.647,-23.794,-51.34183885534742,6.159,20.147447183098592
"2025-10-10",-324,-270,25411,0.006312259591675707,214.008,10139,"2024-10-10",-526.75,-2329.73,11223.52,0.0076720736519070585,171.56,9124,38.49,88.41,126.408,-17.72420497935835,24.742,11.124506795265235
"2025-10-11",-34.5,-900,26977.5,0.005897435897435898,281.59,11700,"2024-10-11",-82.5,-2368.4,5292.1,0.006010230179028133,156.336,7820,58.181,61.999,409.769,-1.876704855428251,80.118,49.61636828644501
"2025-10-12",0,-475,6175,0.004261536588335566,166.25,8213,"2024-10-12",-30,-450,13903,0.006500436596487824,188.855,10307,100,-5.555,-55.585,-34.442302065709434,-11.969,-20.316289900067915
"2025-10-13",-10,-12945,-5130,0.004711282918579367,181.744,8278,"2024-10-13",-72,-2250.5,8214.5,0.0070066173608407945,168.79,7707,86.111,-475.205,-162.45,-32.75952323427559,7.674,7.408849098222396
"2025-10-14",-295.5,-419.05,9100.45,0.004365450576863112,202.542,6414,"2024-10-14",0,-670,9954,0.007401636151149201,168.634,7701,,37.455,-8.574,-41.02046510101259,20.107,-16.71211530970004
"2025-10-15",-228,-639.58,8010.42,0.005117866004962779,192.222,6448,"2024-10-15",-76.5,-2142.65,10303.85,0.008499730167296276,183.036,7412,-198.039,70.15,-22.257,-39.78790027177124,5.018,-13.005936319481922
"2025-10-16",-21,-8635,31361,0.009464285714285715,236.662,11200,"2024-10-16",-27.75,-1664.5,10307.75,0.006734419003305988,199.537,8167,24.324,-418.774,204.246,40.53603896103897,18.605,37.137259703685565
"2025-10-17",-662.25,-2005,10768.75,0.006603906140227624,216.504,7117,"2024-10-17",-487.5,-2347.1,10888.4,0.005334805003679176,200.537,10872,-35.846,14.575,-1.098,23.789081994059888,7.962,-34.538263428991904
"2025-10-18",0,-2393.75,4351.25,0.005937234944868533,143.51,5895,"2024-10-18",-160.5,-3011.95,13674.55,0.008425299632134805,191.798,8427,100,20.524,-68.179,-29.530874816327994,-25.176,-30.04627981488074
"2025-10-19",-18,-970,6070,0.004990850108135086,201.142,6011,"2024-10-19",-293.25,-1550,10234.75,0.0061433447098976105,175.891,10255,93.861,37.419,-40.692,-18.760051017578878,14.356,-41.3846903949293
"2025-10-20",-834.45,-1716.4,8495.15,0.0076652826572979876,189.102,6262,"2024-10-20",-99.75,-945,8905.25,0.0069958847736625515,182.412,7290,-736.541,-81.629,-4.605,9.568452101377115,3.667,-14.10150891632373
"2025-10-21",-287.65,-3305,4143.35,0.005833333333333334,190.983,6000,"2024-10-21",-315.75,-1804.5,8117.75,0.005134281200631911,177.183,10128,8.899,-83.153,-48.959,13.615384615384624,7.788,-40.758293838862556
"2025-10-22",0,-980,4001,0.005084467771034935,150.939,6097,"2024-10-22",-151.65,-3745.05,12195.3,0.0072161033042157235,234.416,7899,100,73.832,-67.192,-29.53998083613166,-35.61,-22.813014305608306
"2025-10-23",-10,-1745,5159,0.0046449900464499,160.558,7535,"2024-10-23",-58.5,-5569.1,24752.4,0.008276140492531288,244.528,9908,82.905,68.666,-79.157,-43.874925146066325,-34.339,-23.950343157044813
"2025-10-24",0,-520,7540,0.005420054200542005,196.585,7380,"2024-10-24",-168.75,-5293.75,38191.5,0.009492168960607499,241.584,12642,100,90.177,-80.257,-42.89972899728998,-18.626,-41.62316089226388
"2025-10-25",0,-1269.1,4917.9,0.005223342939481268,181.97,5552,"2024-10-25",-98,-20563.45,31888.55,0.008997000999666778,291.4,9003,100,93.828,-84.577,-41.943510513395246,-37.553,-38.3316672220371
"2025-10-26",0,-2135,4034,0.004567755032989342,199,5911,"2024-10-26",-90,-6260,23721,0.008692535173402635,241.782,11159,100,65.894,-82.993,-47.45198101739375,-17.694,-47.029303701048484
"2025-10-27",0,-2248.5,2832.5,0.0036323436512950094,169.366,6332,"2024-10-27",-114,-719.81,8162.19,0.006425153793574846,170.807,7315,100,-212.374,-65.297,-43.46682168250426,-0.843,-13.43814080656186
"2025-10-28",-534,-2830,3201,0.0046536602827993555,207.965,5587,"2024-10-28",0,-5909.6,5953.4,0.006719526945303051,201.067,7441,,52.111,-46.232,-30.744227671379996,3.43,-24.91600591318371
"2025-10-29",-10,-2820,5574,0.004899049881235154,220.894,6736,"2024-10-29",-241.4,-10899.2,5517.4,0.0061460209812440394,184.456,9437,95.857,74.126,1.025,-20.289079777213534,19.754,-28.62138391437957
"2025-10-30",-587.25,-3859.7,21228.05,0.0075338546633606715,230.162,10486,"2024-10-30",-39,-3687.48,10000.52,0.005937954435288415,224.393,8252,-1405.769,-4.67,112.269,26.876262616433177,2.57,27.07222491517208
"2025-10-31",0,-3733.75,4723.25,0.00515378221113882,187.933,6015,"2024-10-31",-42,-2531.4,7589.6,0.0054757015742642025,224.911,7305,100,-47.497,-37.766,-5.879052369077299,-16.441,-17.659137577002053
"2025-11-01",0,-995,13609,0.011868577218121292,165.954,6909,"2024-11-01",-147,-5158.2,6489.8,0.005967378331786235,197.423,7541,100,80.71,109.698,98.89097955967257,-15.939,-8.380851345975335
"2025-11-02",-54,-3104,7431,0.006428801028608165,202.596,6222,"2024-11-02",-31.5,-640,18201.5,0.0040217648450437665,202.596,8454,-71.428,-385,-59.173,59.850246752510074,0,-26.40170333569908
"2025-11-03",-39,-954.99,9743.01,0.007183010618363523,157.323,6404,"2024-11-03",-33.75,-1231,6064.25,0.004062976130015236,173.696,7876,-15.555,22.421,60.663,76.79184884447223,-9.426,-18.689690198070085
"2025-11-04",-505.35,-951.4,5683.25,0.00496031746031746,170.119,7056,"2024-11-04",-510.75,-3828.19,8674.06,0.0060790273556231,192.342,9541,1.057,75.147,-34.479,-18.402777777777782,-11.553,-26.045487894350696
"2025-11-05",-189,-1764.75,6451.25,0.005667024046561495,186.727,6529,"2024-11-05",-54,-3111.6,9706.4,0.006151914626490898,183.114,7965,-250,43.284,-33.536,-7.881945855383052,1.973,-18.02887633396108
"2025-11-06",0,-1765,7705,0.005142405063291139,201.489,7584,"2024-11-06",-239.25,-3311.22,9884.53,0.005282913944112331,212.834,7193,100,46.696,-22.049,-2.6596852098600925,-5.33,5.435840400389267
"2025-11-07",-120,-117.3,8628.7,0.005259993988578298,194.355,6654,"2024-11-07",-86.25,-4930.03,10998.72,0.007850646242221159,162.538,10445,-39.13,97.62,-21.548,-32.999222913780095,19.575,-36.29487793202489
"2025-11-08",0,-1790,26794,0.011029029237332224,234.295,9611,"2024-11-08",-193.5,-1804.2,11160.3,0.00686027898467871,190.654,8746,100,0.787,140.083,60.76648284951273,22.89,9.890235536245141
"2025-11-09",0,-170,8445,0.005896735222206242,168.921,6953,"2024-11-09",-90.75,-2685.75,23881.5,0.006990764494612622,210.851,15592,100,93.67,-64.637,-15.649637078312171,-19.886,-55.40661877886095
"2025-11-10",-108,-1969,9280,0.006406761177753544,181.435,7336,"2024-11-10",0,-2860,8455,0.006444552529182879,191.779,8224,,31.153,9.757,-0.5864076870846243,-5.393,-10.797665369649806
"2025-11-11",-141,-460.2,8533.8,0.006563525550867323,152.44,8532,"2024-11-11",-59.1,-1885,16355.9,0.006758253933082207,222.45,9026,-138.578,75.586,-47.824,-2.8813416030681003,-31.472,-5.473077775315755
"2025-11-12",-10,-1162,11850,0.0051683195977091775,209.87,7159,"2024-11-12",-325.5,-1878.7,9980.8,0.004997550220480157,177.007,10205,96.927,38.148,18.727,3.417061754161095,18.565,-29.84811366976972
"2025-11-13",-184.75,-4565,24715.7,0.008185787048265825,185.32,16492,"2024-11-13",-234.75,-4500.25,5170,0.005195119004470218,205.75,8277,21.299,-1.438,378.059,57.566882322084275,-9.929,99.25093632958801
"2025-11-14",-458.5,-538.36,26788.44,0.009174311926605505,211.835,11881,"2024-11-14",-315,-7264.9,12562.1,0.008087880251086432,250.974,8284,-45.555,92.589,113.248,13.43283582089553,-15.594,43.421052631578945
"2025-11-15",-21,-5258.75,71863.81,0.02185334227587749,180.614,17892,"2024-11-15",-582,-5256.25,49884.75,0.0144843231923681,183.192,17191,96.391,-0.047,44.059,50.875826130365425,-1.407,4.077715083473911
"2025-11-16",0,-2020,21041,0.007704527402700556,193.789,12590,"2024-11-16",-216,-3395,19395,0.011522312274191973,173.969,10241,100,40.5,8.486,-33.13384310927424,11.392,22.937213162777073
"2025-11-17",-11.7,-6367.4,10214.9,0.0077172256097560975,178.304,10496,"2024-11-17",-234,-2532.5,15531.5,0.009154929577464789,210.046,8520,95,-151.427,-34.231,-15.704151031894934,-15.111,23.1924882629108
"2025-11-18",-148.5,-11625.3,11267.2,0.006669888835186081,215.966,10345,"2024-11-18",-33,-5873.5,18888.5,0.008680555555555556,275.133,9216,-350,-97.927,-40.348,-23.162880618656356,-21.504,12.250434027777779
"2025-11-19",-91,-4884.35,35809.05,0.012401257113734817,236.589,11773,"2024-11-19",-116.25,-8483.8,10354.95,0.007414686439163837,190.29,11194,21.72,42.427,245.815,67.25261702547898,24.33,5.172413793103448
"2025-11-20",-115.45,-10880,21675.45,0.006904303147077713,250.426,12456,"2024-11-20",-972.75,-5326.64,12235.61,0.007509386733416771,201.864,9588,88.131,-104.256,77.15,-8.057696424748446,24.056,29.912390488110137
"2025-11-21",-217,-1730,42761,0.012055882561520459,223.572,14101,"2024-11-21",-638.4,-2396.7,13477.9,0.006889161053276179,163.655,13064,66.008,27.817,217.267,74.99783309300363,36.611,7.9378444580526635
"2025-11-22",-80.25,-2157.25,14107.3,0.008459869848156183,189.122,9220,"2024-11-22",-210,-1769.5,18079.5,0.008349859096127753,213.43,9581,61.785,-21.912,-21.97,1.317516268980482,-11.389,-3.7678739171276483
"2025-11-23",0,-950,10684,0.005892643403001566,166.2,10861,"2024-11-23",-64.5,-6048.7,86212.8,0.01615874519711564,271.357,18999,100,84.294,-87.607,-63.53279087504015,-38.752,-42.833833359650505
"2025-11-24",0,-1510,23685.5,0.006808335052609861,273.864,9694,"2024-11-24",-23,-3498,25796,0.006592802856881238,308.357,10921,100,56.832,-8.181,3.2692043188226347,-11.186,-11.235234868601776
"2025-11-25",-319,-5150.25,49176.75,0.01266294227188082,204.236,16110,"2024-11-25",-595.5,-1020,13074.5,0.003970698979941124,207.272,14607,46.431,-404.926,276.127,218.90965131959163,-1.464,10.289587184226741
"2025-11-26",-155,-5393.95,31129.05,0.014228143761822519,182.615,12159,"2024-11-26",-133.5,-3248.5,24724,0.011962823226281403,198.386,10867,-16.104,-66.044,25.906,18.93633712286562,-7.949,11.88920585258121
"2025-11-27",-107.1,-4700,35179.9,0.012487882762160004,170.426,17537,"2024-11-27",-351,-2031.75,13779.25,0.008291316526610644,188.226,8925,69.487,-131.327,155.31,50.61399142199735,-9.456,96.49299719887955
"2025-11-28",-657.75,-2475,126657.25,0.02259611116043683,222.258,22526,"2024-11-28",-380,-3527.5,29060.5,0.012662840484649723,184.112,10977,-73.092,29.836,335.839,78.44425338713313,20.718,105.21089550879111
"2025-11-29",-646.9,-5465.25,57397.85,0.015076491020619318,183.274,13531,"2024-11-29",-480.5,-6892,34715.5,0.013251392356443249,167.772,15621,-34.63,20.701,65.337,13.772882238209844,9.239,-13.379425132834006
"2025-11-30",0,-10304.49,23494.51,0.014763231197771587,183.69,10770,"2024-11-30",-442.25,-2978.36,22169.39,0.012061141628851206,189.08,8374,100,-245.978,5.977,22.403265396177492,-2.85,28.61237162646286
"2025-12-01",-207,-3050,35548,0.016324749017896115,167.817,11455,"2024-12-01",-16.5,-3244,14093.5,0.01050080775444265,171.658,8666,-1154.545,5.98,152.229,55.46184064734915,-2.237,32.18324486498962
"2025-12-02",-70,-5135.91,20193.84,0.010676769416221801,173.491,11614,"2024-12-02",-132,-2833.5,36830.5,0.015191796429927839,154.334,13165,46.969,-81.256,-45.17,-29.720165317719996,12.412,-11.781238131409038
"2025-12-03",-295.25,-10407.4,11224.35,0.009079467817331896,189.752,11124,"2024-12-03",-24,-5082.7,36171.3,0.009250474383301708,358.73,8432,-1130.208,-104.761,-68.968,-1.8486248259710987,-47.104,31.925996204933586
"2025-12-04",-87.75,-6535,12154.25,0.008904623967385474,198.821,9321,"2024-12-04",-1120.5,-2764.22,18672.28,0.007563819728963126,249.261,9519,92.168,-136.413,-34.907,17.72654936880879,-20.235,-2.0800504254648597
"2025-12-05",-332.1,-2790,11271.9,0.009198741224885015,180.28,8262,"2024-12-05",-369,-565.4,15333.6,0.00888686339295887,187.047,8777,10,-393.455,-26.488,3.5094252959176555,-3.617,-5.867608522274126
"2025-12-06",-151,-1850,13320,0.007476857346309043,223.088,8426,"2024-12-06",-594.85,-5055,10461.15,0.010053859964093357,180.42,8355,74.615,63.402,27.328,-25.631972466176126,23.649,0.8497905445840814
"2025-12-07",0,-329.5,14531.5,0.008278359849954727,200.824,7731,"2024-12-07",-90,-1290,11233,0.00883962396520275,178.9,7127,100,74.457,29.364,-6.349411665670893,12.254,8.474814087273748
"2025-12-08",-229.5,-4587.5,18559,0.010150181253236665,218.363,9655,"2024-12-08",-150.75,-2294.5,6518.75,0.007234608002362321,163.208,6773,-52.238,-99.934,184.701,40.300362506473334,33.794,42.551306658792264
"2025-12-09",-472,-1730.5,7495.5,0.007192396609298741,148.806,7786,"2024-12-09",-20.25,-313,11025.75,0.008962202883491362,145.368,7699,-2230.864,-452.875,-32.018,-19.747447108708684,2.365,1.1300168853097805
"2025-12-10",-363.45,-1274,15945.55,0.007873076464272934,223.63,8383,"2024-12-10",-12,-3428.7,11890.3,0.005704802406389379,232.106,9641,-2928.75,62.843,34.105,38.00787307646428,-3.651,-13.048438958614252
"2025-12-11",-226.55,-6015,54093.45,0.0204907665064508,201.031,11859,"2024-12-11",-19.5,-4350.35,20093.15,0.009869646182495345,202.012,10740,-1061.794,-38.264,169.213,107.61399271630336,-0.485,10.418994413407821
"2025-12-12",-90.75,-4620,11482.25,0.007874015748031496,173.142,8128,"2024-12-12",-372,-1442,12594,0.006017559435730492,206.411,10137,75.604,-220.388,-8.827,30.85065186523816,-16.117,-19.818486731774687
"2025-12-13",0,-27698,100650,0.019991670137442734,282.083,14406,"2024-12-13",-944.4,-2502.7,28257.9,0.012806830309498399,227.856,9370,100,-1006.724,256.183,56.101624323198685,23.798,53.74599786552828
"2025-12-14",-33.75,-1175,11902.25,0.008424408014571949,161.447,8784,"2024-12-14",-253.75,-2028,49348.25,0.013291504994633864,270.401,12113,86.699,42.061,-75.881,-36.618102931360234,-40.293,-27.482869644183936
"2025-12-15",-152.75,-2220,14060.25,0.008660035108250438,173.194,8545,"2024-12-15",0,-1671,13435,0.008363355635615029,215.8,7772,,-32.854,4.653,3.547373632803694,-19.743,9.94595985589295
"2025-12-16",-182.85,-2952.5,8987.4,0.007352941176470588,178.207,7752,"2024-12-16",-177.45,-3019.52,20672.03,0.008572913058538275,199.088,11548,-3.043,2.219,-56.523,-14.230540701128934,-10.488,-32.871492899203325
"2025-12-17",0,-660,11404,0.00736314160708569,137.09,9371,"2024-12-17",0,-4780.12,19850.88,0.008165919930625813,197.048,13838,,86.192,-42.551,-9.830837558538251,-30.428,-32.28067639832346
"2025-12-18",-265.95,-5627.5,9364.55,0.00676160229484684,197.263,9761,"2024-12-18",-491.1,-1842.5,14238.4,0.007697241821680564,198.529,9354,45.846,-205.427,-34.23,-12.15551685278147,-0.637,4.351079751977763
"2025-12-19",-72,-33540,32898,0.010040302623205826,241.592,14143,"2024-12-19",-85,-4135,19374,0.0062023613809594974,244.885,13382,15.294,-711.124,69.804,61.87871048643419,-1.344,5.686743386638769
"2025-12-20",-453,-1930,10275,0.007124950521176936,200.081,7579,"2024-12-20",-417.75,-6807,37628.25,0.012718107793718495,221.07,12895,-8.438,71.646,-72.693,-43.97790428623377,-9.494,-41.225281116711905
"2025-12-21",-279,-2725,7806,0.006404901141743247,184.754,7182,"2024-12-21",0,-1158.9,14089.1,0.00589171974522293,193.012,12560,,-135.136,-44.595,8.710213973371854,-4.278,-42.818471337579616
"2025-12-22",-686.25,-1370,8258.75,0.006187818490657608,168.925,8242,"2024-12-22",-101.25,-7789,588.75,0.004910829671749806,204.335,7738,-577.777,82.411,1302.76,26.003524949233075,-17.329,6.513310933057638
"2025-12-23",-60,-18751.08,71302.17,0.018803418803418803,229.727,9945,"2024-12-23",0,-1925,6420,0.004370830457786979,181.413,8694,,-874.082,1010.625,330.2024291497976,26.632,14.389233954451345
"2025-12-24",-38,-19435.2,39074.53,0.014781575821565264,202.455,15154,"2024-12-24",-208.1,-4182.04,133129.86,0.020241654210264075,240.476,16056,81.739,-364.73,-70.649,-26.97446726429173,-15.81,-5.617837568510215
"2025-12-25",-10,0,51807.98,0.013926215489860738,231.285,12279,"2024-12-25",-40.05,-260,37410.95,0.017173615857826383,162.374,11704,75.031,100,38.483,-18.90924074958702,42.439,4.91285030758715
"2025-12-26",-73.5,-8671.99,31987.99,0.014752219994270982,174.506,13964,"2024-12-26",-51,-7578.25,46724.75,0.016797986430291092,155.595,18276,-44.117,-14.432,-31.539,-12.178640841922974,12.153,-23.59378419785511
"2025-12-27",-93,-1370,23024.47,0.014793864897204394,169.406,9193,"2024-12-27",-309,-6443,25209,0.01657409066475542,152.173,11162,69.902,78.736,-8.665,-10.741016225624083,11.324,-17.640207848055905
"2025-12-28",0,0,16283.25,0.010975191494226592,156.569,8747,"2024-12-28",-148.65,-8590.25,13136.1,0.012710168134507606,155.188,9992,100,100,23.958,-13.650304401329043,0.889,-12.459967974379504
"2025-12-29",0,-7091.99,19796.41,0.009038491506934705,172.361,12834,"2024-12-29",-66,-4714.75,14414.25,0.011786672890652352,170.794,8569,100,-50.421,37.339,-23.316006214927242,0.917,49.77243552339829
"2025-12-30",-61.25,-6693,11811.95,0.010796074154852781,162.324,9170,"2024-12-30",-58.75,-2087.15,19237.1,0.011991535386785799,180.713,8506,-4.255,-220.676,-38.598,-9.969209057668873,-10.175,7.806254408652716
"2025-12-31",-55,-1380,13667,0.008687140584852563,192.91,8173,"2024-12-31",-53.25,-3284.91,13620.84,0.011241058249120018,165.742,8807,-3.286,57.989,0.338,-22.71954835273078,16.391,-7.198819121153628
