date,name
2025-10-01,Nike Destroyer Jacket Black
2025-10-01,Nike x PATTA Air Max DN8 Club Gold / Game Royal - Metallic
2025-10-01,Nike Air Max DN8 SP Game Royal / Light Charcoal
2025-10-01,adidas PW Adistar Jellyfish Grey
2025-10-02,New Balance 204L / Pearl Grey
2025-10-08,New Balance Abzorb 2000 Rose Sugar
2025-10-09,"LeBron XXIII ""Miami Twice"" Smokey Blue / Multicolor"
2025-10-09,On PAF Cloudmonster Hyper Phantom / Apollo
2025-10-09,On PAF Cloudmonster Hyper White / White
2025-10-09,On PAF Cloudmonster Hyper Black / Black
2025-10-10,Nike Air Max 95 Black / Solar Red - Medium Ash
2025-10-10,Saucony JAETIPS Progrid Triumph 4 Violet / Earth
2025-10-10,adidas Women's SFTM Taekwondo Mei Olive
2025-10-10,adidas Women's SFTM Taekwondo Mei Core Black / Ftwr White
2025-10-10,Asics x EE Nimbus 10.1 Canteen / Abbey Stone
2025-10-11,Asics x UPTHERE Gel Kayano 12.1 Metallic Olive / Silver
2025-10-11,adidas PW Adistar Jellyfish Green
2025-10-11,Asics x FACETASM Gel-Kayano 14 Multi / Multi
2025-10-16,Nike Vomero Premium Barely Green / Clay Green - Barely Volt
2025-10-16,Nike Levi's Air Force 3 SP Olive Grey / Metallic Pewter
2025-10-18,Jordan Women's 1 Retro High Pale Ivory / Pro Green
2025-10-24,Nike Air Max 95 PRM Black / Neon Yellow - Black
2025-10-24,Nike Air Force 1 Retro Summit White / Black
2025-10-30,Nike Kobe IX Elite Low Protro Hyper Grape / White
2025-10-31,adidas x Wales Bonner Karintha Lo Satin
2025-10-31,adidas x Wales Bonner Japan
2025-10-31,adidas x Wales Bonner Karintha Lo Satin (2nd colourway)
2025-11-01,Nike Baltoro SP Black / Black - Metallic Gold
2025-11-01,Nike Baltoro SP Bright Spruce / Kumquat - Fruit Punch
2025-11-01,Jordan Women's 4 Retro Hemp / Light Orewood Brown
2025-11-01,Nike Air Force 1 Low Kobe Black / Black
2025-11-01,Nike Baltoro SP Baroque Brown / Mid Green - Mid Navy
2025-11-06,Nike Air Max 95 Zip SP Black / Anthracite - Met. Cool Grey
2025-11-06,Nike Air Max 95 Zip SP Loyal Blue / Hyper Crimson
2025-11-06,adidas NY II Outdoor Spezial
2025-11-06,adidas Wensley Spezial
2025-11-08,PUMA x JJJJound T7 Track Pants New Navy
2025-11-08,PUMA x JJJJound T7 Longsleeve Polo Chocolate
2025-11-08,Puma JJJJound Suede 2 Deep Navy
2025-11-08,Jordan 12 Retro White / Black - Taxi
2025-11-11,New Balance RC56 Black / Blue Gemstone
2025-11-11,Women's adidas x Miaou Boot
2025-11-14,Oakley Straight Jacket 99 BD Matte Dark Grey / Prizm Ruby
2025-11-14,Oakley Plantaris BD Sepia / Prizm Tungsten
2025-11-15,Jordan 1 Retro Low OG Varsity Red / Black - Summit White
2025-11-18,"Nike LeBron XXIII ""Bubble Boy"" Cool Grey / Black - Metallic"
2025-11-19,"Jordan 10 Retro ""Shadow"" Charred Grey / True Red - Black"
2025-11-20,On Cloudflow 5 AD Hail / White
2025-11-20,On Cloudflow 5 AD Obsidian / Evergreen
2025-11-20,Nike x NIGO Air Force 3 Low SP Phantom / Night Stadium
2025-11-21,New Balance x Joe Freshgoods U2010JG1 Tan
2025-11-22,Asics x FINESSE Gel-Cumulus 16
2025-11-25,Vans OTW Old Skool 36 Vibram Distressed Silver
2025-11-25,Vans OTW Old Skool 36 Vibram Floral Rivets Black
2025-11-27,Asics x EMMI Gel-Cumulus 16 Beige / Grey
2025-11-28,Air Jordan 4 Retro Black / Black - Lt Graphite
2025-11-29,Vans Old Skool 36 Pearlized Marshmallow
2025-11-29,Vans Old Skool 36 Pearlized Fuschia Red
2025-12-01,Nike Rejuven8 Run SP Metallic Silver / Black Voltage Green
2025-12-01,Nike Rejuven8 Run SP Black / Black - Sail
2025-12-04,Nike Kobe IX Elite Low Protro Neo Turquoise / Volt
2025-12-08,Salomon x ANDREW XT-6 Shocking Orange / Transparent Yellow
2025-12-11,Vans Gallery Dept. OTW Authentic Reissue 44 Black
2025-12-13,Air Jordan 11 Retro Black / Gamma Blue - Black
2025-12-17,Nike Air Max Dn8 x Palace Safety Orange / Particle Grey
2025-12-17,Nike Air Max Dn8 x Palace Black / Safety Orange - Particle
2025-12-18,adidas Brain Dead Taekwondo Silver Metallic / Core Black
2025-12-18,adidas Brain Dead Climacool 2 Core Black / Impact Yellow
2025-12-18,adidas Brain Dead Taekwondo Core Black / Ftwr White
2025-12-18,Salomon x Carhartt WIP X-ALP Black / Black - Black
2025-12-19,Jordan Jumpman Jack TR Travis Scott x Chase B
2025-12-19,Nike G.T. Future QS Valor Blue / Black - Pacific Blue
2025-12-20,Nike G.T. Future Metallic Silver / Black - White
2025-12-20,Asics x HIDDEN Gel-DS Trainer 14 White / Blarney
2025-12-24,Nike Kobe III Protro Royal Pulse / Chrome - White
